mse,rmse,rrmse,mae,cc
0.15777384561729543,0.3972075598692646,0.5044803717795258,0.2956317897107553,0.9188626414767886
