{
  "win_len": 512,
  "overlap": 1.0,
  "batch": 256,
  "device": "cuda",
  "snr_in_dB": 4.520175932134744,
  "snr_out_dB": 6.806691712326083,
  "snr_improvement_dB": 2.2865157801913396,
  "mse_in": 0.2999720573425293,
  "mse_out": 0.17718592286109924,
  "corr_out": 0.911371250866919,
  "N_frames": 4075,
  "L_signal": 106419
}