{
  "win_len": 512,
  "overlap": 1.0,
  "batch": 256,
  "device": "cuda",
  "snr_in_dB": 4.520175556767139,
  "snr_out_dB": 6.761831048358163,
  "snr_improvement_dB": 2.2416554915910236,
  "mse_in": 0.2999720573425293,
  "mse_out": 0.17902565002441406,
  "corr_out": 0.9102205523392186,
  "rrmse_time_in": 0.5942801766969764,
  "rrmse_time_out": 0.4591012449063293,
  "rrmse_spec_in": 0.5081709623336792,
  "rrmse_spec_out": 0.4033975899219513,
  "spec_nfft": 1024,
  "spec_hop": 512,
  "N_frames": 4075,
  "L_signal": 106419
}